book_id;author_id
18486e4c-5cd7-4c51-abd8-34a44b8619f2;53ba8ae0-d4fd-4bf6-8def-cbd3ae9594c3
7a9217c2-9eba-4327-879c-0f78bfd29833;b6961906-cff9-4797-bf1c-72de7e25c65e
2386c41f-45d5-4feb-87a8-8e26e3e98a5d;b7659167-7c2e-410a-a9ac-5a9124a90fed
db4bcc29-d736-48de-875c-7a85cec5a364;91c74b9c-450b-42a6-ae9d-f83388eebdb9
cf90b49a-1b46-4784-ab3c-e5905b049945;380693fd-a0e2-4203-ba01-a0e1d79dd736
f8e6b651-183c-4684-9b32-52b426e1ad34;3c92c7ec-1c8c-4c94-b888-2d37dce307f6
29d1271b-85db-44a1-a336-b0427281efc5;3c92c7ec-1c8c-4c94-b888-2d37dce307f6
8f15bbec-2c74-4d9c-a052-16b9f8363921;c0f5a7ed-3695-477d-b784-3259490c03b3
1a530c31-7231-491b-90e1-7dc2da66beb4;be6f07f9-b364-467b-a338-8fc9b6e43c41
62ed9684-44e3-494a-86a2-82785ef5a6aa;a409e147-0b37-452e-bfc0-30e099fcaf4f
13b36662-f8a1-4021-bf92-676d2b945018;ef118b14-f433-44c3-8e47-ee232c6fe3c3
95a11764-8120-4c34-90c7-2786b32a9a50;457d8db0-7076-4349-8f3c-07e6b08c2fac
c19a610b-e731-4ec3-a87b-47b600a3e9f0;218c33f6-ff15-40cf-b05b-023d0ee5c0b9
0b7a5cbb-2430-4c3f-a213-5bbf63d39e0a;212a87f3-1dbc-4131-bd94-2faf971454d5
1ed414a3-f993-477c-b450-92dbed4cf4d1;45061150-96da-42e6-bdd0-abf3cbd4f0b4
45e171e6-9bf1-4c0c-9814-7e161efc02fd;a8987820-a635-49ba-9fb7-2d1bc2e0e327
5777e111-e5b1-403a-b38b-bfad6aa39112;4eac6880-900a-4f7e-918d-cc1ae1b9313c
91bd5c28-2dc7-4f59-a878-1df1abeba9bb;066a7a2c-ced8-4744-b897-04c3ee0eb8ac
d3c274a7-2a0d-4760-ad70-df167e997f6d;aff6ee5b-c63e-459b-8f8c-303b5a0e219c
bfde8d13-9a6b-4c00-bf91-c3ccc44e4db7;68c60e16-4b2d-42a6-bd05-6faa13e5025a
ef6039c2-01d9-445f-85f7-60429dfc253e;757f650d-8a98-4594-9e95-2ea03c7a7d03
d72df9c3-901a-49b9-ba35-e2dcc70efe02;40cf3773-57f3-4b7b-b196-d77df5bc24f7
e9e59fb3-299e-4e04-9064-3356651659f5;d5965de3-8bd8-47bf-8fad-fbf9aa4729dd
9d0214be-ad79-4618-97f5-f3a85c7e959f;63864c39-e874-4207-9e9a-15a273bba55b
1347f970-d501-4f31-8fe9-72b3f1643a5c;8994a071-5982-4a87-b072-a8db0fd3bac2
c7b82e7f-a6f4-477b-9cc8-88c4e529dcd3;d64e052c-2c67-4567-97be-0c3c7846df1d
85a95249-1e04-445e-b678-2e905a0c8375;a38eff67-82f2-4120-a833-bda72ac90eaf
cc8f9b09-3849-4cb0-ba69-b27b8fdef162;0c84811f-9500-4e8c-8964-259e272c1314
81b8bff9-aa17-44e7-bd9f-1346d497ed8f;e990edf4-af4a-4274-a64a-8de0a049d0f5
0bddfada-ce95-4334-8e8a-8fc9e9848622;91c74b9c-450b-42a6-ae9d-f83388eebdb9
8305f7d1-cb51-4953-b917-1ff9b1508f28;35d5e975-0d37-4e2e-85c6-fb999383d6c1
9aa62be0-dccd-40f6-81e5-1d4aca16e3e7;aff6ee5b-c63e-459b-8f8c-303b5a0e219c
bf605b7a-3f43-49ea-b79b-6224cacfd46c;95c0df5d-23fc-4924-a264-bced8a2c033a
e1048740-6cf4-4c91-9321-841551886798;cf3c8d62-53c5-4c8f-a6c3-ea0a2140add9
ec1706cd-0c06-4782-8eba-5cd78f4e0c46;c991a811-343a-4c2c-8f7f-c3e68fa01bbc
08d4bd41-1b5f-4851-861b-c6a4bfadcf8a;e79f7258-d689-4d02-b096-8a7a509c3eec
9a114677-7e15-41eb-9c4f-a9cf6f700c7c;9f97e4a6-1dc1-423f-ac03-c7d2abf3cb45
86be4d6e-adbe-458f-893c-4194ec49588d;ea23741b-d7da-40ae-af9a-1e9bcf15a009
4fb9cdf3-23a1-426e-b158-b5aa65a9d4fc;066a7a2c-ced8-4744-b897-04c3ee0eb8ac
af5135b0-31b8-43df-8f57-ce68f28a13fa;32b642a1-6f29-42fe-8626-63c9ad1a299e
4c468d39-f476-4135-b2d1-6e772791aedb;2c48bcfc-b8b4-48d2-9aeb-e39458a421f9
e7deaf45-5f1d-4558-9fc5-a07550ae913e;e408aad4-304b-4937-a6f0-e0f7b63e6ba8
cfc162a3-784a-4d41-bfbe-bee886680138;218c33f6-ff15-40cf-b05b-023d0ee5c0b9
eaa9f6d1-3725-42ce-92b7-53697f4eac1a;9f97e4a6-1dc1-423f-ac03-c7d2abf3cb45
9c70d099-b241-46fc-8aad-d793fab86c91;6dcaebad-d98c-482e-8911-bad1b872ff65
9005d473-beb3-414e-b8ae-fc56c28957ca;d6bf704b-4371-4c09-b183-79832eba261a
73513e77-d5b7-428c-9d47-3551cf3d82a7;35d5e975-0d37-4e2e-85c6-fb999383d6c1
529c5876-a7b9-45a6-a08b-fb95d6c682da;f85f5f29-0b94-4f27-b703-349070ec9803
1aff6f58-594c-415d-8d34-f15e5e7d8697;2128bfef-fe60-40ff-9a94-7a033cb6d778
8d2902f2-2c47-4da7-a150-3e98eb62df37;da5c42ae-8f43-4599-b895-f5440ba1a2bb
a4927920-7591-4e8a-95cb-ffdd9f44f22c;e990edf4-af4a-4274-a64a-8de0a049d0f5
1535737b-b808-4396-b574-02899e05eaf4;75ef523e-b7f3-4f61-ba21-0832a5d29770
bfe85601-8a56-4de6-a496-26c78f41e779;1eb590a9-bdb9-4f90-b024-192f545913d8
1e8eef51-ed60-462e-828a-63de802a3f67;866e3915-100c-4dba-b5dd-cfaea38c17cd
1605352f-7569-40ab-8927-7511ba408d8a;80ec70e1-f920-4815-ad42-fef4fc5140d4
c429b7d0-450d-496f-ac7d-f2af72d002c7;b70718f5-2b66-4ad6-97a0-90518acbfc76
eb54daef-ce01-4794-a37d-1145f1dc33c4;212a87f3-1dbc-4131-bd94-2faf971454d5
4d5ba4c3-7457-444f-bbd0-8198772d72c3;63864c39-e874-4207-9e9a-15a273bba55b
4f98e255-0350-44df-a49a-be2aad7075ef;d8dadaa4-92cf-4165-bf31-6ec263f68408
c1865ea9-7798-4494-a7c0-d0930d258c4e;79c033b4-b769-4eb8-afe1-0e2608885a4b
ccf1ffc0-771c-44aa-aafa-1b816d7b958f;d5965de3-8bd8-47bf-8fad-fbf9aa4729dd
39bf0bd6-38e4-4660-bbec-7b0a42670bc9;fd2b966a-e5f8-4160-8e7f-2aea46758e2c
bb4204f4-6b62-48a2-8c4a-db907909d83a;2ac252d1-7d54-40be-866c-fdeb81cc99da
119f624c-f9e2-4756-9f12-4c1d9d60fc0b;de6462d4-30bc-406d-adf3-a1b252ae68b2
d1cca057-24fe-4ff1-b32a-728ec608f340;000a99aa-eca4-4a13-842f-48e15b065b1e
539145f7-e374-41d5-82b4-b1fa24105a90;757f650d-8a98-4594-9e95-2ea03c7a7d03
1dd16443-e65a-460e-b39a-bdad9037ebb5;b70718f5-2b66-4ad6-97a0-90518acbfc76
b2327865-3af1-46ad-b731-57ba0c2b746b;21833434-76c8-4238-baed-a25811c9b023
fc1c0424-705c-4964-be42-b62588154a47;9526210b-041b-490b-85e7-9d566edeb150
786c2948-0f68-4317-8dad-eedec3590ff8;c3530547-7ce5-4a38-be9e-a5c4d3a41294
4a302582-e7e3-486d-88b9-532ef7758bfa;f85f5f29-0b94-4f27-b703-349070ec9803
f96615a9-9962-4f58-9b8a-c97fa7a372e0;d8dadaa4-92cf-4165-bf31-6ec263f68408
561a2b32-d7f3-4318-9106-5e173fad362c;e0d08493-1ae9-4f51-a09a-a41acee63e0a
9e8c3abe-dc2a-4285-b0c7-8ece3868c0a1;f85f5f29-0b94-4f27-b703-349070ec9803
0c44bad8-aee6-4482-a5ac-eab7e7d9ac6a;35d5e975-0d37-4e2e-85c6-fb999383d6c1
20e9b1ed-d6e4-4da5-881a-06f8cbe69314;7d18a674-d244-4509-b7e8-0befd9e72226
e4a1fb4e-0d27-42d1-9642-f9f2961374e5;caef1601-e888-4676-9c0c-766bca07282d
3739c67c-c8ba-4622-a04f-a22389ca356c;66d53607-931a-4215-8509-1a7e55f717cc
6c5d13c4-df65-4128-824c-fb26a60ec305;b7659167-7c2e-410a-a9ac-5a9124a90fed
b650405d-09f1-4468-a694-25c14eb4e313;3c92c7ec-1c8c-4c94-b888-2d37dce307f6
91a97c48-c7ab-401e-9887-11352f3e9f97;d205a1bc-91c1-4176-8a8e-20a4c554bdc1
6864b7f1-c888-4bb6-a940-470baee79962;498b9d88-d1a7-48c0-8771-8ec8c5f393f9
598456a3-b3f1-4641-a337-e70f19d4480c;283d25a8-5c98-482f-acfb-d4a0ab79320d
2e3d20e9-bab9-4b93-9d16-d93b1a71336b;9f97e4a6-1dc1-423f-ac03-c7d2abf3cb45
472cbd66-4ebb-4790-9a8b-f194078b785a;da2896dc-5df6-4412-8d7e-752ac89dac09
6e7dc7bf-d8f7-4024-bf88-0dbf20a97cfd;66d53607-931a-4215-8509-1a7e55f717cc
4e82044f-6959-46ca-b686-4961bdc4cb61;2128bfef-fe60-40ff-9a94-7a033cb6d778
50e2191b-ace2-486e-8762-aabb250b3deb;e990edf4-af4a-4274-a64a-8de0a049d0f5
d0234420-6103-48ba-86e7-c5f1e7044071;d64e052c-2c67-4567-97be-0c3c7846df1d
433782ab-f6fe-4a64-8d13-73ba1810715b;c0f5a7ed-3695-477d-b784-3259490c03b3
9e8dae46-d553-4c8f-b5f7-2a90b2d370d5;311aa40b-4656-4d07-afda-92b6546b54a0
357f5414-f5ab-4c23-8bf5-02bbdedff37e;498b9d88-d1a7-48c0-8771-8ec8c5f393f9
c11bcdbb-ac89-4a08-be35-a6d2e7d601b8;91c74b9c-450b-42a6-ae9d-f83388eebdb9
a719c35e-0b96-415d-b32c-21f89b74f3b3;c3530547-7ce5-4a38-be9e-a5c4d3a41294
7296b3d6-27fe-452a-be64-272b20ab6816;d64e052c-2c67-4567-97be-0c3c7846df1d
d5f7217a-3131-4750-ad2d-2c81799f2c9c;da5c42ae-8f43-4599-b895-f5440ba1a2bb
9a2f4c4d-6ed3-417a-8ce1-06b0bf0e930c;000a99aa-eca4-4a13-842f-48e15b065b1e
9ecaaf1e-176e-46aa-80fa-2ad5a4d698f0;283d25a8-5c98-482f-acfb-d4a0ab79320d
205b51b7-d699-4605-8274-37bcb9d41cd2;d5965de3-8bd8-47bf-8fad-fbf9aa4729dd
7fa76281-50ff-42f1-8223-218613d22141;d36ddb05-30b0-4f62-8212-b6d859f157ec
a0e04099-fbbc-4932-aba6-d788f37515ca;7abd8f17-cf9f-4eeb-a344-7b61631df8d0
0dbd1505-72a4-4f84-8cfd-698515d03f77;d5965de3-8bd8-47bf-8fad-fbf9aa4729dd
4892bf7e-77e6-47ba-be43-0798a7e610ef;7abd8f17-cf9f-4eeb-a344-7b61631df8d0
1f6cbad5-55c8-40fd-adbf-a1022f3e653d;da5c42ae-8f43-4599-b895-f5440ba1a2bb
89513904-3242-46ce-a035-9ab0cb9d1ebb;40cf3773-57f3-4b7b-b196-d77df5bc24f7
59471297-4b57-4247-8eff-ff5e6003650a;cf3c8d62-53c5-4c8f-a6c3-ea0a2140add9
5e37365d-800b-43b4-b493-100b00a872f8;866e3915-100c-4dba-b5dd-cfaea38c17cd
4b0598b2-feaf-4e85-ab52-428dec9ced2a;53ba8ae0-d4fd-4bf6-8def-cbd3ae9594c3
ab4b0495-31c7-4eb5-8671-615a2aa43e96;b7659167-7c2e-410a-a9ac-5a9124a90fed
b7e6b209-9478-437d-b784-7f5f4589af8d;e9e7e5f8-89e2-493a-9357-9c787567f9f6
d342256b-abf8-440d-b127-d23ed47d723f;f1ff6156-1901-4213-9edc-414d1e066ce1
220d9183-6f2f-4863-a058-19b32e40fe94;95c0df5d-23fc-4924-a264-bced8a2c033a
a70cc615-c217-4c53-8c0a-56704a70f699;d5965de3-8bd8-47bf-8fad-fbf9aa4729dd
bf89252b-9223-4f38-a2fd-10e357d37256;311aa40b-4656-4d07-afda-92b6546b54a0
e323a5f0-734b-4c38-a48e-36e264b5d2e9;91c74b9c-450b-42a6-ae9d-f83388eebdb9
93cb23c6-8f3b-4fa2-ad51-272f5ae454a8;61feb400-facd-40eb-981b-a84562f725af
4fe61aed-79b8-4fba-9369-478b964136ee;d6bf704b-4371-4c09-b183-79832eba261a
1f276a16-2f35-49a5-9d9c-9034d85dcf86;7ace328a-7498-4d00-8c16-1213ae53473a
72f5d025-33ce-4e94-8983-43aebd41539a;f85f5f29-0b94-4f27-b703-349070ec9803
909123ac-cd1a-4c4b-a307-888f0d40ba54;75ef523e-b7f3-4f61-ba21-0832a5d29770
74f2cb24-cff9-4f77-9c6c-ca2b5e7c2174;21833434-76c8-4238-baed-a25811c9b023
bd3fb36e-7869-4e03-813e-c20bb3ec90b2;21833434-76c8-4238-baed-a25811c9b023
bc140722-941c-47ec-bbda-fde3b65b4464;380693fd-a0e2-4203-ba01-a0e1d79dd736
104ba164-2748-45fa-ba78-9995f9a8daf6;c1bd35b2-c123-4b5f-a1df-57e217d548d9
a2cf640a-8579-42d0-b5ac-9b5310080c06;95c0df5d-23fc-4924-a264-bced8a2c033a
019284b2-bd68-4305-a317-f87596b201fe;283d25a8-5c98-482f-acfb-d4a0ab79320d
7114ea1a-61f9-48a6-bc61-8df5a05431e7;80ec70e1-f920-4815-ad42-fef4fc5140d4
ff388b74-2e76-49d6-8a2a-41cef12aa058;c3530547-7ce5-4a38-be9e-a5c4d3a41294
c813eea1-0eb7-4bc8-a3a1-c37c91100208;7ace328a-7498-4d00-8c16-1213ae53473a
c75d8c49-d71b-40ad-b9ed-abf065d000e5;e408aad4-304b-4937-a6f0-e0f7b63e6ba8
5a082945-0736-45eb-8b65-1f609c201cc1;d6bf704b-4371-4c09-b183-79832eba261a
b0be1f85-97f6-486b-a1a9-3ea5e102c9fc;f85f5f29-0b94-4f27-b703-349070ec9803
66417b30-aa19-4d2a-bfe5-8d2b7cc9a990;c679e50d-448a-4292-bdc1-b9a21dcd3d8f
0516cc96-c25c-4b7d-9dea-273ab1282297;53ba8ae0-d4fd-4bf6-8def-cbd3ae9594c3
7d5efa13-a022-4428-9125-96bacb7e9f13;ff22b6c8-3a4b-4b2d-a889-514b81cd3674
dbd12552-406e-4677-8cc3-d146af3b60c6;f7ee0709-f73f-416a-834f-9cbe2a0f7c6a
2dbcc364-3e62-4607-b2f7-74e150d2b4f6;d64e052c-2c67-4567-97be-0c3c7846df1d
04a0ae17-185f-4133-a75f-48c3018d07b4;be6f07f9-b364-467b-a338-8fc9b6e43c41
8896a25e-2da8-4cff-90b6-0fbcd9fd813b;1a49ef1b-9c9a-4957-b67b-bd428976b676
e6662ceb-a71d-4cf7-bc63-94e60c493857;45061150-96da-42e6-bdd0-abf3cbd4f0b4
bcd175f0-a05d-46fc-8cfa-d6a75440fda8;95c0df5d-23fc-4924-a264-bced8a2c033a
351bde11-20e6-4ff3-ba31-aa80fa3c584c;66c6d708-b3ba-494b-80ba-fb1994e933cf
34d871a2-f434-4917-a00f-7db3fd12f86d;a8987820-a635-49ba-9fb7-2d1bc2e0e327
c443a580-5cc1-48e6-840a-1f4df0ed9dc5;380693fd-a0e2-4203-ba01-a0e1d79dd736
d658c752-80cd-4e8c-9f00-9b1869d37bbb;4687343d-93b9-44f9-92d9-1e8370111787
516c3301-f9f5-4dbe-9f0f-504fa4ec0fec;53ba8ae0-d4fd-4bf6-8def-cbd3ae9594c3
4124cfe2-96ef-4a66-94a2-1bec60f044c9;40cf3773-57f3-4b7b-b196-d77df5bc24f7
15c3cfa0-bde6-4349-903e-766d8ce9100a;79c033b4-b769-4eb8-afe1-0e2608885a4b
fb6f28aa-148e-425d-9722-3762f7446c89;1a49ef1b-9c9a-4957-b67b-bd428976b676
98bed80c-91aa-4477-a27c-9c1765148c99;9526210b-041b-490b-85e7-9d566edeb150
fe3d4031-4e0a-41e2-9d61-238103ecc18d;1a49ef1b-9c9a-4957-b67b-bd428976b676
dce130f7-f434-4ec9-88cc-209bed453250;2c48bcfc-b8b4-48d2-9aeb-e39458a421f9
5d90236b-52a6-4c04-bad0-bd558af17820;757f650d-8a98-4594-9e95-2ea03c7a7d03
3ea16e71-3bb2-4d2b-ac42-98d7d3ce9e94;2128bfef-fe60-40ff-9a94-7a033cb6d778
ebcbc67a-d363-4d2a-9e63-31b2b456cbcc;e9e7e5f8-89e2-493a-9357-9c787567f9f6
b415d933-6b31-4342-829b-66c8c3b38700;e0d08493-1ae9-4f51-a09a-a41acee63e0a
72ad1c42-2721-4844-9100-cf2ea255228d;ff22b6c8-3a4b-4b2d-a889-514b81cd3674
f6047c40-ba07-45a9-b189-d03f6fc2789c;2ac252d1-7d54-40be-866c-fdeb81cc99da
1d7eca3b-313f-4c0d-9a91-9a9aef202c1d;6dcaebad-d98c-482e-8911-bad1b872ff65
c188ac73-8860-412c-aea4-128d1bac0653;d36ddb05-30b0-4f62-8212-b6d859f157ec
ee314f34-be4d-4856-ae8b-e2d1741044e8;b70718f5-2b66-4ad6-97a0-90518acbfc76
42606ea0-c7e5-4580-8fa4-fefa5a3f619b;21833434-76c8-4238-baed-a25811c9b023
1c37a775-e65f-4fab-8144-07c68ba9ee04;c679e50d-448a-4292-bdc1-b9a21dcd3d8f
11e8d5bb-dbe5-4a25-aa44-0e68aaf66ab4;68c60e16-4b2d-42a6-bd05-6faa13e5025a
134a3dca-feeb-4502-8cd5-0699871baaae;ef118b14-f433-44c3-8e47-ee232c6fe3c3
e828e1fb-c69f-4509-9b77-54c342822025;c3530547-7ce5-4a38-be9e-a5c4d3a41294
2db0fdd6-2f34-449b-a329-14be0e1e0eb8;79738c04-d853-4cdc-b688-603f9810a8c9
bcbed98b-4516-40fb-9e1b-a4b02c2f5e72;e0808461-782a-4429-a8f2-1e816bb6b38d
081c418b-3cf7-4238-a03b-6bee96dfc428;380693fd-a0e2-4203-ba01-a0e1d79dd736
728de317-cc24-40b9-a262-4ddf5e9451f8;4eac6880-900a-4f7e-918d-cc1ae1b9313c
57ee5c0e-38f9-464c-9559-a60558d459c3;59e13f64-fdc9-407b-bc3b-6bdb59627b6f
6382e9d0-f73b-492c-b850-b0e0d08489f3;fd2b966a-e5f8-4160-8e7f-2aea46758e2c
63c3e367-54ad-43eb-982d-d2efb4dd94e7;79738c04-d853-4cdc-b688-603f9810a8c9
b032dafd-89b7-4826-a5bc-58eef84c0e3c;63864c39-e874-4207-9e9a-15a273bba55b
fef8244c-8bd9-4661-bec2-302772f633c0;f690a71d-3e5c-4c50-b49c-43e4299ced47
2b8192ca-ec22-4ace-831b-a666c710f63b;c3530547-7ce5-4a38-be9e-a5c4d3a41294
5d43f2e1-e150-4e7a-9545-7d4275dd0182;75ef523e-b7f3-4f61-ba21-0832a5d29770
3d2cf9f9-c6bc-482a-8fae-738d224c97aa;aff6ee5b-c63e-459b-8f8c-303b5a0e219c
42bb693b-4dec-455d-9d4e-4c4ca75e28d3;a409e147-0b37-452e-bfc0-30e099fcaf4f
b2ec60d9-ce97-4a08-b3b8-f9e31bf1bf58;66c6d708-b3ba-494b-80ba-fb1994e933cf
9c2b4bea-f231-4f7e-b0d1-5e4b984c41d4;c991a811-343a-4c2c-8f7f-c3e68fa01bbc
76b50f0e-e34d-4e1f-9a08-8c1b1b374a67;d64e052c-2c67-4567-97be-0c3c7846df1d
68312df4-ca33-4252-81d1-9f4eb2a50c87;283d25a8-5c98-482f-acfb-d4a0ab79320d
88fd82a1-6fac-4a83-9fd2-05fca8b8ed53;a38eff67-82f2-4120-a833-bda72ac90eaf
c935b875-29e7-4153-b908-e660953b0c93;000a99aa-eca4-4a13-842f-48e15b065b1e
8c4ecc0e-d7a8-42cc-b642-c15cd1c67f59;c3530547-7ce5-4a38-be9e-a5c4d3a41294
f53916f5-2358-4cc7-b253-402755bcb4f4;283d25a8-5c98-482f-acfb-d4a0ab79320d
19e87e75-9016-477e-8323-d7563c4268af;7abd8f17-cf9f-4eeb-a344-7b61631df8d0
eba47a8a-7d1a-49b2-a75e-a7c1bbea9db3;9b548718-436f-49a7-bec0-4fbf183527f7
06bef945-28b5-448d-b365-62912898d1b4;9b548718-436f-49a7-bec0-4fbf183527f7
0a372f26-c747-4024-8107-484eec1e589c;3b6359a9-89b7-4087-a7b8-bd76f4e139a9
38adcf8a-8c5d-4570-b225-f73298e3e5f5;35d5e975-0d37-4e2e-85c6-fb999383d6c1
984d04a0-973a-45ed-857f-0c41350df9ab;68c60e16-4b2d-42a6-bd05-6faa13e5025a
87cdc994-e6b9-4cd3-bf03-71af370c362e;e9e7e5f8-89e2-493a-9357-9c787567f9f6
8062b01c-512f-40a8-89eb-36ad887a7acd;fd2b966a-e5f8-4160-8e7f-2aea46758e2c
d1fce7d3-aa13-4915-add5-773079d5adcf;40cf3773-57f3-4b7b-b196-d77df5bc24f7
da608b72-9bd7-4e1e-848a-506673ec16f4;11ad3ccb-55a7-4589-adba-dd94d0c5f767
61d25fb6-e32b-4e42-951b-7eaa2895feef;aff6ee5b-c63e-459b-8f8c-303b5a0e219c
b51439f9-3ab1-4629-991b-d78acc933266;59e13f64-fdc9-407b-bc3b-6bdb59627b6f
d85b1164-bf18-4763-944a-b498dc8d7f1e;c1bd35b2-c123-4b5f-a1df-57e217d548d9